all_time_volume,chain,one_day_volume,pool_ids,projects,seven_day_volume,seven_day_volume_liquidity_ratio,thirty_day_volume,token_a_address,token_b_address,token_pair,usd_liquidity
13848237493.10335,optimism,10639378.709330315,"['0xeaf1ac8e89ea0ae13e0f03634a4ff23502527024', '0x6352a56caadc4f1e25cd6c75970fa768a3304e64', '0x1a981daa7967c66c3356ad044979bc82e4a478b9', '0x39965c9dab5448482cf7e002f583c812ceb53046', '0x79e11ef350d7c73925f8d0037c2dd1b8ced41533', '0xd344f3c75f60da124429ed9bb98e0b90fa71bcd5', '0xf5484ad6c3a69c0ff33dfed4fdf5a4c7eea13634', '0x0493bf8b6dbb159ce2db2e0e8403e753abd1235b', '0x1cc3e990b23a09fc9715aaf7ccf21c212a9cbc16', '0x11b072c5259ebd68e888a79c49bfff0bcf742983', '0x7086622e6db990385b102d79cb1218947fb549a9', '0xeaf4e9cd685f346c6380678852d4de3ca4a9a693', '0x7a512d3609211e719737e82c7bb7271ec05da70d', '0x1b67c104240478a98c7a5dfaec5dd4817c12f014', '0xf762c3fc745948ff49a3da00ccdc6b755e44305e', '0x54f33f3b0f07e8e832e97d12efe9fe6ea4de6407', '0x2aaf08590c5ef5fb6fe19438028cc900fa219a45', '0x48e18e3d1efa7f0e15f1b2bf01b232534c30a3ef', '0x6b5fdb8c027691d34dccf5caa973f2706f68997b', '0x2a67663642d083debca989b6e169c5e21c16a96a', '0x8308fa87e1ef385217bb69361077c685b550c39b', '0x825e291af3555685554a13971e731145393dc8a7', '0x421bf64e342429992f6ce7c7e5c6a4db6993b732', '0xf6ca5db5f1b2a0764bd7609787ba6928ecda1c17', '0x9595edbefc82535a02312a4c42cc91e6e9df8f67', '0x5130f6ce257b8f9bf7fac0a0b519bd588120ed40', '0x6f44ad6630e332fd3f560566740647915dede392', '0x777e713b6f87765c314bfa682cdc04c02cb64777', '0x3707e9b80bbf90170851a6a3fe276f692ed27bb5', '0x39835081d33c8da6762ab29bc00aaaffd31e6654', '0x1328ff5ac67a48c4a0a4339ff07fedf4f2a76387', '0xed9e3f98bbed560e66b89aac922e29d4596a9642', '0xd1778f9df3eee5473a9640f13682e3846f61febc', '0x94ad9a19126ebb02dda874237e5820fd4943f5de', '0x75c6b245515657fd69f1645c051a2ba13a8d70c6', '0x40dbe796eae37e371cf0217a6dbb946cdaf9f1b7', '0xdb0d2772de5d9760ef4bee05dce012c6e4f9a5c8', '0x358461b2a3a239e97325d03a57be40464b8b7ebc', '0xb589969d38ce76d3d7aa319de7133bc9755fd840', '0x7f17b33e19ab6379de525073f95519d8ddebfd02', '0x7ad4f5536d903aea6f973f36e18f5b4610a7583e', '0x7ea8c22e6dcd7bd69eb180664da68e1f1f11d696', '0x0c9219544c9b95422638f0b4ec583d64c3277560', '0xb740344fed5a220248c8d8ef660552af654d69ac', '0x61d8c210aadcf9fe432f16a8a33ca92931521565', '0x3f676045603b4b17d37a5f2afab3249c1930453d', '0x7ec31b73fbbdfa0b0f57b75191c0934aed81d92a', '0x3b789208b1294706d96c27d2cef3e86a3508bf85', '0xeb8ff19066415e797c213faa7d16161401c754cf', '0x85149247691df622eaf1a8bd0cafd40bc45154a9', '0x1e31a2c6e6614273d740358affb46bef180efb7b', '0xf6d037883cc52cad1a8238064b3041c754a0baa9', '0x79c912fef520be002c2b6e57ec4324e260f38e50', '0x683860e93fab18b8e2e52f9be310d9b36b49677a', '0xf9d5940c2313636546ab9852354860dce275dbad', '0xc3fafa11dc8555d1404e7a1046019ff892bda2b7', '0xaf5e0b5425de1f5a630a8cb5aa9d97b8141c908d', '0xc17636e36398602dd37bb5d1b3a9008c7629005f', '0xb750fe7146098bc044747cd64d7eb93e7ad25ec6', '0xdbd4ffc32b34f630dd8ac18d37162ec8462db7db', '0x8b3c4271440bc98a085eb6b348243ed3679751a4', '0xb15b10c9642ff9c22fc5c108429752c83ee39431', '0x5028497af0c9a54ea8c6d42a054c0341b9fc6168', '0xe55208eb40a68ca1560e7de8b08501152c9c6b73', '0x49994fbb41c6b7c2f3066ca7301f25305de1234a', '0x68d1ca32aee9a73534429d8376743bf222ff1870', '0xe37c8cd79b17c2173870e31586b4823c459f4abf', '0x3b87eed5a8f40b81ebd8a01ac1891f04cb59fd66', '0x066ff66561f7670ce6ff5bbf40396ccc69b9e872']","['woofi', 'openocean', 'zipswap', 'balancer', 'sushiswap', 'hashflow', 'rubicon', 'dackieswap', 'clipper', 'openxswap', 'opx_finance', 'dodo', 'wardenswap', 'uniswap', 'velodrome', 'kyberswap', 'gridex', 'chainhop', 'mummy_finance', 'elk_finance']",75806139.72876596,1063.04056221007,387721030.30483925,0x7f5c764cbc14f9669b88837ca1490cca17c31607,0x4200000000000000000000000000000000000006,USDC-WETH,4920436.554566024
7839382280.98285,optimism,8272480.012325327,"['0xed9e3f98bbed560e66b89aac922e29d4596a9642', '0xe159ce9220613f539d2d9f2b4a47224f418a43aa', '0x111111125421ca6dc452d289314280a0f8842a65', '0x730691cdac3cbd4d41fc5eb9d8abbb0cea795b94', '0xb390a4e78442c1ddd5f446e2950533a4294b89d9', '0x63abea04cff561d7d0740627168aa69105d79602', '0x65bb4831a5790ff81f264d950c72be17d9f17d5d', '0x39835081d33c8da6762ab29bc00aaaffd31e6654', '0x6352a56caadc4f1e25cd6c75970fa768a3304e64', '0x5404c61f5337d5a06522ca686dc388e0fc50fd32', '0xa95a6947da6fccd657f704b85c06074b62044e49', '0x7ea8c22e6dcd7bd69eb180664da68e1f1f11d696', '0x25532332ad2428af1978db09141c0d887d5eea85', '0x3b87eed5a8f40b81ebd8a01ac1891f04cb59fd66', '0x95e81f6e585496f372d7a5db3cac234eb4bde793', '0x68f5c0a2de713a54991e01858fd27a3832401849', '0xa2532f55a79ba3320a441ec00cca094dbe6f5771', '0xd25711edfbf747efce181442cc1d8f5f8fc8a0d3', '0x49994fbb41c6b7c2f3066ca7301f25305de1234a', '0x961aa0a829361c307d628e69aba1282138521e22', '0xaa1513ab4622ed52deee4bd2cd984fe52f336a63', '0x3b789208b1294706d96c27d2cef3e86a3508bf85', '0x2c6dc693a6e67fec5b1ed11328fefbc42b03339d', '0xeaf4e9cd685f346c6380678852d4de3ca4a9a693', '0x878bb1f6c037e66fb01379532146e00197c4fb64', '0xcdd41009e74bd1ae4f7b2eecf892e4bc718b9302', '0x1111111254eeb25477b68fb85ed929f73a960582', '0xf6d037883cc52cad1a8238064b3041c754a0baa9', '0xf762c3fc745948ff49a3da00ccdc6b755e44305e', '0xeaf1ac8e89ea0ae13e0f03634a4ff23502527024', '0x6f3f252fbf0039ab8232e29d41511737a143a0fb', '0x358461b2a3a239e97325d03a57be40464b8b7ebc', '0x68d1ca32aee9a73534429d8376743bf222ff1870', '0x8d5122e99a9a6bb0b6773eb36444b1c6e0a9be82', '0xc17636e36398602dd37bb5d1b3a9008c7629005f', '0xf7cc4fee253c934829012352d535245e430a2617', '0xd1778f9df3eee5473a9640f13682e3846f61febc', '0x40dbe796eae37e371cf0217a6dbb946cdaf9f1b7', '0xae8bf5a9ca4e980637526ba1e5b68462d3880d49', '0xeb8ff19066415e797c213faa7d16161401c754cf', '0x1328ff5ac67a48c4a0a4339ff07fedf4f2a76387', '0x39965c9dab5448482cf7e002f583c812ceb53046', '0xf6ca5db5f1b2a0764bd7609787ba6928ecda1c17', '0x5130f6ce257b8f9bf7fac0a0b519bd588120ed40', '0x167dc49c498729223d1565df3207771b4ee19853', '0x7a512d3609211e719737e82c7bb7271ec05da70d', '0xf3fe89650e170d4d54d8ddd41affde7369cbc7d3', '0x8175c3893a54238e0f1350075d17c177bf789a24', '0x11431a89893025d2a48dca4eddc396f8c8117187', '0xc56b2bef865893da71dd95150313dbadf659f4f3', '0x777e713b6f87765c314bfa682cdc04c02cb64777', '0x40a917c1a2576e7c24744683b3871cfaf790fe8e', '0xfc1f3296458f9b2a27a0b91dd7681c4020e09d05', '0x0e2b7bc3095aaca6df3c107cabf4f5146bc3b343', '0x278631efe7e7b4c2ec49927b255c2ca42be2c1b1', '0x75c6b245515657fd69f1645c051a2ba13a8d70c6', '0x58b2f113244ddc9332c46af25bc223873e68ff3d']","['kyberswap', 'solidly', 'openocean', 'dackieswap', 'wardenswap', 'dodo', 'velodrome', 'hashflow', '1inch LOP', 'chainhop', 'mummy_finance', 'elk_finance', 'woofi', 'opx_finance', 'balancer', 'clipper', 'zipswap', 'rubicon', 'openxswap', 'uniswap', 'sushiswap']",132043849.34738418,394.9969334547509,452337647.90545654,0x4200000000000000000000000000000000000042,0x4200000000000000000000000000000000000006,OP-WETH,19054576.821577035
5735080234.018772,optimism,3261665.7957863575,"['0x6645237fb81fe7227aa2fa2a244d23a5ac0da1cd', '0xd20d8bd49b8b48c0631649de5f1607295c85cdf5', '0x3b87eed5a8f40b81ebd8a01ac1891f04cb59fd66', '0x6352a56caadc4f1e25cd6c75970fa768a3304e64', '0x1328ff5ac67a48c4a0a4339ff07fedf4f2a76387', '0xce6ffb465e500efa3f3a060ea700504f3634152e', '0x2ab2afde2a9284540e37514e217a710305faa012', '0x9da11ff60bfc5af527f58fd61679c3ac98d040d9', '0xdbd4ffc32b34f630dd8ac18d37162ec8462db7db', '0xf762c3fc745948ff49a3da00ccdc6b755e44305e', '0x810d1aaa4cd8f21c23bb648f2dfb9dc232a01f09', '0x2b47c794c3789f499d8a54ec12f949eecce8ba16', '0x3da3153e26a230d918bb9f9428a8d60349b73379', '0x9ed87916f525b0981325ab42f1b1242b8b8238b5', '0xff69ec302de719962beba1235026fa9a8f96391c', '0x9b36962c3b2fb8e4a329d3f5aaa50e5991cf332e', '0xd1778f9df3eee5473a9640f13682e3846f61febc', '0x5f46f0f03db438459d4cdafb61826061a93504fc', '0xeaf1ac8e89ea0ae13e0f03634a4ff23502527024', '0xe84005838bb2b41749e9f522a19d9486a36042fb', '0xb059cf6320b29780c39817c42af1a032bf821d90', '0xc330e17d4740049fabd2f2afb39aaacab44df535', '0x7e29ccaa4bf2894aca02c77e6b99cafc1d24b2f5', '0x6452f2a3f740abd36f166658f9abedb95e071a19', '0x6e45b09eff69ae2706f3605bfa0b072c5bf8b3bd', '0x5130f6ce257b8f9bf7fac0a0b519bd588120ed40', '0x50a39b94b1dc8472faa08c36a3ef5b0a01c5bd10', '0x77ee88d816e35826e7955c462be33e8c5330aed1', '0x777e713b6f87765c314bfa682cdc04c02cb64777', '0xe08d427724d8a2673fe0be3a81b7db17be835b36', '0x9766b7fa623a65dfe56d9788c2d39ab4718c80a6', '0x68d1ca32aee9a73534429d8376743bf222ff1870', '0xe229ce1cdbea9983362ca29f0f0b2c70bb2dacdf', '0xed9e3f98bbed560e66b89aac922e29d4596a9642', '0x12fc671ae22693f3283bce0da8f61b0ec05a400a', '0xf3f3433c3a97f70349c138ada81da4d3554982db', '0xeb8ff19066415e797c213faa7d16161401c754cf', '0x49994fbb41c6b7c2f3066ca7301f25305de1234a', '0xeaf4e9cd685f346c6380678852d4de3ca4a9a693', '0x786ea0c5e3b5539847c10e436285a420a5c76099', '0xa1399135768e4ffb247dcb3c92146c4956a2f329', '0x6c23fa7ec9eea627261c4a0978664ea592ca0e19', '0x061b87122ed14b9526a813209c8a59a633257bab', '0x1337bedc9d22ecbe766df105c9623922a27963ec', '0x10f525be057b26624ce9bed70f9f98fa718d6e4e', '0x34a81e8956bf20b7448b31990a2c06f96830a6e4', '0x5774ecb37cc2889f890fd6ed90db14905a2a26a8', '0xf1f199342687a7d78bcc16fce79fa2665ef870e1', '0xdf93d0504179404d850cf93eb5449087e7c90bec', '0x7348398b8a70a09032dcbdda685cb057e618d30d', '0x373643b17cd80e37675c8c98ef774efe6ca0b4de', '0x7a512d3609211e719737e82c7bb7271ec05da70d', '0x3f16f0301b62015b926c3b559b645a5a0e19d8aa', '0x7ea8c22e6dcd7bd69eb180664da68e1f1f11d696', '0x7caba4d27098bdaabb545e21ca5d865519492a25']","['hashflow', 'openocean', 'opx_finance', 'zipswap', 'balancer', 'chainhop', 'kyberswap', 'sushiswap', 'woofi', 'clipper', 'wombat_exchange', 'openxswap', 'velodrome', 'mummy_finance', 'uniswap', 'curve', 'rubicon', 'wardenswap']",37702759.48960656,1292.644990935352,178359709.40349272,0x7f5c764cbc14f9669b88837ca1490cca17c31607,0x94b008aa00579c1307b0ef2c499ad98a8ce58e58,USDC-USDT,1604192.7880197626
5031471338.974872,optimism,1888997.0493000774,"['0x0c3a7aa27a6e14b7a92e09456b0970ab71cc0598', '0x358461b2a3a239e97325d03a57be40464b8b7ebc', '0xed9e3f98bbed560e66b89aac922e29d4596a9642', '0xe8633ce5d216ebfdddf6875067dfb8397dedcaf3', '0x47029bc8f5cbe3b464004e87ef9c9419a48018cd', '0x39965c9dab5448482cf7e002f583c812ceb53046', '0xd1778f9df3eee5473a9640f13682e3846f61febc', '0xcceea4e95d8d62cac1c8dbdeb98c29a819283664', '0x7ef99013e446ddce2486b8e04735b7019a115e6f', '0xf1b3256505159f6004da0b16e985ee46e6ffeea8', '0xf6ca5db5f1b2a0764bd7609787ba6928ecda1c17', '0x6352a56caadc4f1e25cd6c75970fa768a3304e64', '0x128944d0c53f407491e8bd543ae4f0b455b389ed', '0x40dbe796eae37e371cf0217a6dbb946cdaf9f1b7', '0x0df083de449f75691fc5a36477a6f3284c269108', '0xeaf4e9cd685f346c6380678852d4de3ca4a9a693', '0x75c6b245515657fd69f1645c051a2ba13a8d70c6', '0x1328ff5ac67a48c4a0a4339ff07fedf4f2a76387', '0x7ea8c22e6dcd7bd69eb180664da68e1f1f11d696', '0xde6f4f8921492a5d6e118abbe2e91835d334cda1', '0x90a521471aec7064480a3be8be1e5738b1a6ea90', '0x1d751bc1a723accf1942122ca9aa82d49d08d2ae', '0x8c02104f6f5c60957318455cdc2c5e7db207ae47', '0x3b789208b1294706d96c27d2cef3e86a3508bf85', '0xf762c3fc745948ff49a3da00ccdc6b755e44305e', '0x787a828969391ce4bccd7fdc8a0743f9cc9470f5', '0x5130f6ce257b8f9bf7fac0a0b519bd588120ed40', '0x7a512d3609211e719737e82c7bb7271ec05da70d', '0x1f47f5142bb3e9709f12f325e529b1b74f19d6da', '0xc17636e36398602dd37bb5d1b3a9008c7629005f', '0xe512562bb23bd1ef8529fd33b92930e3e08e19d5', '0x7b223a503964c0f5f12b9c3f9d977b21a83da24f', '0x9279e83631d9df24daf0b02d118e44ecd073ba7b', '0x3e8fc4c4897bdf2ca4b24aa93586d1cc5b807bb3', '0x6f32061f59a21086c334d0d45f804089ce374aaf', '0x73d6edb0c9db5ce8544967fcca7d1b38d6bd3426', '0x777e713b6f87765c314bfa682cdc04c02cb64777', '0x39835081d33c8da6762ab29bc00aaaffd31e6654', '0xeaf1ac8e89ea0ae13e0f03634a4ff23502527024', '0xab81e7dbb9b0268d73cd61f3000f7c797f960695', '0x7fec96169383fa78e9e1b2a28e356742d337f105', '0x92274526d56cc8cd882479eeaf730459199ce322', '0x835c58b1f508aa28356e37b1070d69040c7f27df', '0xeb8ff19066415e797c213faa7d16161401c754cf', '0x3154dc51bd6bb55213bd0e676df44cc3327ce75c', '0x48a2c02ca161109dbdadf12e238166f2c2619ff5', '0x3b3fadbbb82530408ec67a9f3a314b51b5b65574', '0x9d7ae32718b81130aaa5341b4a89e26b89045c35', '0x49994fbb41c6b7c2f3066ca7301f25305de1234a', '0x1c3140ab59d6caf9fa7459c6f83d4b52ba881d36', '0x68d1ca32aee9a73534429d8376743bf222ff1870', '0xf6d037883cc52cad1a8238064b3041c754a0baa9', '0x3b87eed5a8f40b81ebd8a01ac1891f04cb59fd66']","['balancer', 'woofi', 'openocean', 'velodrome', 'hashflow', 'opx_finance', 'wardenswap', 'uniswap', 'sushiswap', 'chainhop', 'kyberswap', 'clipper', 'rubicon', 'openxswap', 'zipswap', 'mummy_finance']",19682853.8534313,185.02481567047397,59786819.5098131,0x4200000000000000000000000000000000000042,0x7f5c764cbc14f9669b88837ca1490cca17c31607,OP-USDC,5638115.354697963
4553484107.8352165,optimism,1345110.628125046,"['0x1328ff5ac67a48c4a0a4339ff07fedf4f2a76387', '0x77ee88d816e35826e7955c462be33e8c5330aed1', '0x078f65c0e854ab7fa3baa2cff62a4f9cb4031382', '0x3f08f1f08a9676a9950c7eb78b49b7b58fa2d996', '0x68d1ca32aee9a73534429d8376743bf222ff1870', '0x12fc671ae22693f3283bce0da8f61b0ec05a400a', '0x9468a9bf5c6e9a6aa69d212959b5baff299dfbed', '0xd9b160620447d9a9a6ca90c0450f5490e5219257', '0x2cfef48a147eff929a5525c9eb507d7f6ead270f', '0xd9c57025b3da04e5bd078c22b69222e92ddb62f6', '0x6645237fb81fe7227aa2fa2a244d23a5ac0da1cd', '0xc330e17d4740049fabd2f2afb39aaacab44df535', '0x3c7638904ccab972453694779d7c2b954eed69a2', '0x5695a0194eb3c766c5c5cdc094f1169b686be1ec', '0x67a381d449750056f3250c73161da1365dce8781', '0xbf16ef186e715668aa29cef57e2fd7f9d48adfe6', '0x5130f6ce257b8f9bf7fac0a0b519bd588120ed40', '0x1337bedc9d22ecbe766df105c9623922a27963ec', '0x061b87122ed14b9526a813209c8a59a633257bab', '0xfa456a521faa9df455fdf487fb98f4be5a512070', '0x18c63aa9c88f71a2611260db3f120ce55cc80a5a', '0x373643b17cd80e37675c8c98ef774efe6ca0b4de', '0x3b87eed5a8f40b81ebd8a01ac1891f04cb59fd66', '0x1179b19438a622fe36be5f9c073b700420384397', '0x7a512d3609211e719737e82c7bb7271ec05da70d', '0x5231c20af03fd827005e652afee1b6576589f968', '0x19715771e30c93915a5bbda134d782b81a820076', '0x9f95af94518694c212394977cacaf43313981835', '0xdb17d6912be5ebe748abc253390563822ce47631', '0x100bdc1431a9b09c61c0efc5776814285f8fb248', '0x80d39502fc199a5094cf231413f5c20d9ee244c4', '0xeb8ff19066415e797c213faa7d16161401c754cf', '0x49994fbb41c6b7c2f3066ca7301f25305de1234a', '0x810d1aaa4cd8f21c23bb648f2dfb9dc232a01f09', '0x6352a56caadc4f1e25cd6c75970fa768a3304e64', '0xf762c3fc745948ff49a3da00ccdc6b755e44305e', '0x2b5d47dd82693a056c6fea0bf60c2a6bf4f1b697', '0x9da11ff60bfc5af527f58fd61679c3ac98d040d9', '0xdbd4ffc32b34f630dd8ac18d37162ec8462db7db', '0x4f7ebc19844259386dbddb7b2eb759eefc6f8353', '0x7ea8c22e6dcd7bd69eb180664da68e1f1f11d696', '0xc79f7ebea7b8714814fa66b2bfbee1902a3cfffb', '0x427464d9434f99a3d942c60210ee2376166975ce', '0x93669cfce302c9971169f8106c850181a217b72b', '0x34a81e8956bf20b7448b31990a2c06f96830a6e4', '0xeaf1ac8e89ea0ae13e0f03634a4ff23502527024', '0x777e713b6f87765c314bfa682cdc04c02cb64777']","['opx_finance', 'sushiswap', 'mummy_finance', 'uniswap', 'clipper', 'curve', 'zipswap', 'hashflow', 'rubicon', 'openocean', 'chainhop', 'balancer', 'velodrome', 'wardenswap', 'kyberswap', 'woofi', 'openxswap']",14553776.65751481,682.9493949795757,98144383.24928877,0xda10009cbd5d07dd0cecc66161fc93d7c9000da1,0x7f5c764cbc14f9669b88837ca1490cca17c31607,DAI-USDC,1001578.6058696965
3545954601.32162,optimism,1346334.545976533,"['0x9da11ff60bfc5af527f58fd61679c3ac98d040d9', '0xdbd4ffc32b34f630dd8ac18d37162ec8462db7db', '0x1bafb8120f6faaa72465f828ba536a828a89475d', '0x49994fbb41c6b7c2f3066ca7301f25305de1234a', '0x3572f5b1cc83653fb93ca85e2ca0346596a5706d', '0x8323d063b1d12acce4742f1e3ed9bc46d71f4222', '0x7ea8c22e6dcd7bd69eb180664da68e1f1f11d696', '0x827f0a2a4376bc26729f398b865f424dc8456841', '0x1fda4dc765f1ef0f0f197db13c81d3d50af61e00', '0x1111111254eeb25477b68fb85ed929f73a960582', '0xc330e17d4740049fabd2f2afb39aaacab44df535', '0x68d1ca32aee9a73534429d8376743bf222ff1870', '0x6645237fb81fe7227aa2fa2a244d23a5ac0da1cd', '0xd62003937dc1596dc789dda4a84ba6443aaa300d', '0xa2f1e7e65bfdbd264d6e3cb4da50edf7fc77b861', '0x3b87eed5a8f40b81ebd8a01ac1891f04cb59fd66', '0x64cfb034b5f0366329df47bf110fa1409278f3b4', '0xc158dafdf2ca1bd1200a5b199157d0b42c8448e2', '0xa0959d2dcd9dd56bf080a10cfe29eeb401344e3d', '0xf334c21b8600baf8b0fb5690cd81e70c6b5e0283', '0x34a81e8956bf20b7448b31990a2c06f96830a6e4', '0x373643b17cd80e37675c8c98ef774efe6ca0b4de', '0x1337bedc9d22ecbe766df105c9623922a27963ec', '0x1328ff5ac67a48c4a0a4339ff07fedf4f2a76387', '0xf762c3fc745948ff49a3da00ccdc6b755e44305e', '0x061b87122ed14b9526a813209c8a59a633257bab', '0x7559aa3c295cb0db37c1d5780de3d3f865d95131', '0x6352a56caadc4f1e25cd6c75970fa768a3304e64', '0x11431a89893025d2a48dca4eddc396f8c8117187', '0x12fc671ae22693f3283bce0da8f61b0ec05a400a', '0x111111125421ca6dc452d289314280a0f8842a65', '0xeb8ff19066415e797c213faa7d16161401c754cf', '0xea0f33940eb221aaad9360891cab08ef4f1f0703', '0x5130f6ce257b8f9bf7fac0a0b519bd588120ed40', '0x810d1aaa4cd8f21c23bb648f2dfb9dc232a01f09', '0xeaf1ac8e89ea0ae13e0f03634a4ff23502527024', '0x215e9d33f00375091a8c5478db91d14d5c7e5662', '0x8a1954cd066a1fa1eefb9db20e1b6c04bf695f5f', '0x77ee88d816e35826e7955c462be33e8c5330aed1', '0xb707d89d29c189421163515c59e42147371d6857']","['balancer', 'uniswap', 'wardenswap', 'velodrome', '1inch LOP', 'mummy_finance', 'hashflow', 'kyberswap', 'zipswap', 'curve', 'opx_finance', 'chainhop', 'openocean', 'clipper', 'woofi', 'sushiswap']",16807629.340012096,1228.3164089713753,111001494.50135945,0xda10009cbd5d07dd0cecc66161fc93d7c9000da1,0x94b008aa00579c1307b0ef2c499ad98a8ce58e58,DAI-USDT,547338.7546483154
2847554255.739784,optimism,2809348.8140364266,"['0xdef1abe32c034e558cdd535791643c58a13acc10', '0x3b87eed5a8f40b81ebd8a01ac1891f04cb59fd66', '0x777e713b6f87765c314bfa682cdc04c02cb64777', '0x73b14a78a0d396c521f954532d43fd5ffe385216', '0x251de0f0368c472bba2e1c8f5db5ac7582b5f847', '0xd1778f9df3eee5473a9640f13682e3846f61febc', '0xd7294c3ea1426298a50cea50df5bcde96571c88b', '0xbb65192fc43cff2e2823bae211ebe367f81f2f26', '0x8782edc55c8514bf30e36a3585afcadbff525c77', '0x61d8c210aadcf9fe432f16a8a33ca92931521565', '0x689a850f62b41d89b5e5c3465cd291374b215813', '0x19847400661159f297cbef8a6fe567dd89a44bed', '0x37ffd11972128fd624337ebceb167c8c0a5115ff', '0x7ea8c22e6dcd7bd69eb180664da68e1f1f11d696', '0x111111125421ca6dc452d289314280a0f8842a65', '0xeb8ff19066415e797c213faa7d16161401c754cf', '0xdbd4ffc32b34f630dd8ac18d37162ec8462db7db', '0x67b33843cd855063ed727fcd8d98e421dd061ac9', '0xf762c3fc745948ff49a3da00ccdc6b755e44305e', '0x11431a89893025d2a48dca4eddc396f8c8117187', '0x68d1ca32aee9a73534429d8376743bf222ff1870', '0x6352a56caadc4f1e25cd6c75970fa768a3304e64', '0x03c188a43b3deea4426599f2e582aab6e76417d3', '0xf6ca5db5f1b2a0764bd7609787ba6928ecda1c17', '0xb390a4e78442c1ddd5f446e2950533a4294b89d9', '0xeece08526d4de47f443fae6450d851fd139f25ce', '0x5130f6ce257b8f9bf7fac0a0b519bd588120ed40', '0x7a512d3609211e719737e82c7bb7271ec05da70d', '0x63abea04cff561d7d0740627168aa69105d79602', '0x1111111254eeb25477b68fb85ed929f73a960582', '0x17547215d96696de1e1c8a9791d6da18f92045af', '0xed9e3f98bbed560e66b89aac922e29d4596a9642', '0xeaf1ac8e89ea0ae13e0f03634a4ff23502527024', '0x7ad4f5536d903aea6f973f36e18f5b4610a7583e', '0x85c31ffa3706d1cce9d525a00f1c7d4a2911754c', '0x0b612b947b43f598a03f13d9f1ede70e7b8a0ea7', '0xeaf4e9cd685f346c6380678852d4de3ca4a9a693', '0x1328ff5ac67a48c4a0a4339ff07fedf4f2a76387', '0xcbac17bc5fa5285df031ae20956632a3720866a9', '0x5028497af0c9a54ea8c6d42a054c0341b9fc6168', '0x1fac40d635378adeb6e748806bafc5167d99bc9a']","['0x API', 'hashflow', 'openxswap', 'zipswap', 'woofi', 'uniswap', 'wardenswap', 'clipper', 'kyberswap', 'chainhop', 'mummy_finance', 'openocean', 'velodrome', 'sushiswap', 'rubicon', '1inch LOP', 'solidly', 'opx_finance', 'balancer']",31124581.3873887,225.36087308530085,125727848.81167237,0x68f180fcce6836688e9084f035309e29bf0a2095,0x4200000000000000000000000000000000000006,WBTC-WETH,5662508.400027009
2789903026.5455375,optimism,16743269.346203718,"['0xff202313e26974cfc4ab0121c485ba54303a2e41', '0x6352a56caadc4f1e25cd6c75970fa768a3304e64', '0x7ea8c22e6dcd7bd69eb180664da68e1f1f11d696', '0xf4f2657ae744354baca871e56775e5083f7276ab', '0xd1778f9df3eee5473a9640f13682e3846f61febc', '0xeb0d8d9e19b749efb20c67d71ee50b46dfe5755f', '0x4c43646304492a925e335f2b6d840c1489f17815', '0xeaf1ac8e89ea0ae13e0f03634a4ff23502527024', '0xdef1abe32c034e558cdd535791643c58a13acc10', '0xd4cb5566b5c16ef2f4a08b1438052013171212a2', '0x1fb3cf6e48f1e7b10213e7b6d87d4c073c7fdb7b', '0x111111125421ca6dc452d289314280a0f8842a65', '0x528164bc0419920b7abe2e03bcf4d8ed7f220621', '0xc1738d90e2e26c35784a0d3e3d8a9f795074bca4', '0x1111111254eeb25477b68fb85ed929f73a960582', '0xed9e3f98bbed560e66b89aac922e29d4596a9642']","['solidly', 'openocean', 'wardenswap', 'velodrome', 'woofi', '0x API', 'uniswap', 'dackieswap', '1inch LOP']",125134210.90428823,284.8765469900143,605714574.0158491,0x0b2c639c533813f4aa9d7837caf62653d097ff85,0x4200000000000000000000000000000000000006,USDC-WETH,7028122.868039373
2667826364.7993345,optimism,6973816.875927999,"['0xed9e3f98bbed560e66b89aac922e29d4596a9642', '0x97623bfb156432496e09d9fc20f042da541a41e9', '0x7ea8c22e6dcd7bd69eb180664da68e1f1f11d696', '0x2c28351712d65d8caa6b715f33ebb1fd3bbdfea8', '0x57a4cd063afc855ba2ad4e9dbfbd1be286632a44', '0xd1778f9df3eee5473a9640f13682e3846f61febc', '0xc875b07b96b53b80557354a170edd483d24c3ba0', '0xdbd4ffc32b34f630dd8ac18d37162ec8462db7db', '0x64750f4098a7f98352f7cd5797f421ceb8d94f64', '0x5130f6ce257b8f9bf7fac0a0b519bd588120ed40', '0x81e2f9ed2b784b978050b7085c36e662458dd225', '0x2df05e4cdbd758cb1a99a34bb0d767e040d6b078', '0x806919878d049c8d6e1af3b4a66fb1b05d1b2315', '0x3b87eed5a8f40b81ebd8a01ac1891f04cb59fd66', '0x3e096286ffd113c51cde56f22361a6849f67a0f1', '0xf762c3fc745948ff49a3da00ccdc6b755e44305e', '0xdcb7924abe41dc2e9cab591f4bd622958c0f64d1', '0x49994fbb41c6b7c2f3066ca7301f25305de1234a', '0x62270f70c750d66cf10bc8cbe12390b120498097', '0x5cd7c1efec89f0a6bcec73ec72b69e7376ed6349', '0x3dd504bd492d0d8db245eb38b1b39220c1f72721', '0x6352a56caadc4f1e25cd6c75970fa768a3304e64', '0x111111125421ca6dc452d289314280a0f8842a65', '0xeaf4e9cd685f346c6380678852d4de3ca4a9a693', '0x68d1ca32aee9a73534429d8376743bf222ff1870', '0xdd0c6bae8ad5998c358b823df15a2a4181da1b80', '0xeb8ff19066415e797c213faa7d16161401c754cf', '0x1328ff5ac67a48c4a0a4339ff07fedf4f2a76387', '0x75454069e877033757d4fb672902cb1f0c3b4247', '0x2f629782c58918252970ab038d3fbd16e84d5076', '0xc858a329bf053be78d6239c4a4343b8fbd21472b', '0x7a512d3609211e719737e82c7bb7271ec05da70d', '0x3d2ea0c20cd11dc2845faa20498e48e90b94b543', '0x1111111254eeb25477b68fb85ed929f73a960582', '0xeaf1ac8e89ea0ae13e0f03634a4ff23502527024', '0x5376d960f984ea2422b4e3cce8cfe377a46fbb2d', '0x11431a89893025d2a48dca4eddc396f8c8117187', '0x777e713b6f87765c314bfa682cdc04c02cb64777']","['wardenswap', 'sushiswap', 'dodo', 'woofi', 'velodrome', 'clipper', 'chainhop', 'kyberswap', 'balancer', 'openocean', 'hashflow', 'mummy_finance', 'opx_finance', 'zipswap', 'uniswap', 'rubicon', 'elk_finance', '1inch LOP', 'openxswap']",48885331.80138327,1599.6645489942714,140484408.2575929,0x94b008aa00579c1307b0ef2c499ad98a8ce58e58,0x4200000000000000000000000000000000000006,USDT-WETH,1161270.0985469026
2603629092.229638,optimism,322764.42813938507,"['0x7ea8c22e6dcd7bd69eb180664da68e1f1f11d696', '0xb81ddd9a8eaa2460647018839a1c6e76e6361b51', '0xeb8ff19066415e797c213faa7d16161401c754cf', '0x49994fbb41c6b7c2f3066ca7301f25305de1234a', '0x7959eb3ad41ddaaf114e0be9833e9b4f79db3081', '0x252cbdff917169775be2b552ec9f6781af95e7f6', '0x8eda97883a1bc02cf68c6b9fb996e06ed8fdb3e5', '0xca28c193710467e2689513de8a7ce61fef5385a6', '0x061b87122ed14b9526a813209c8a59a633257bab', '0x6d5ba400640226e24b50214d2bbb3d4db8e6e15a', '0x11343ba5789f8025bf1a4cb5315f21b3b9215e29', '0xd16232ad60188b68076a235c65d692090caba155', '0x32d84fe7ec28e18db25dea34eb88f6e6002cc6f6', '0x93fc04cd6d108588ecd844c7d60f46635037b5a3', '0xb11d715bd9e3fd4fd07401dc551d516780c12449', '0xd9c57025b3da04e5bd078c22b69222e92ddb62f6', '0xd552dfa8a9f9864059d1a06096346821b39e6cfa', '0xc69d5aff09b116a6a5f49bbaa9ab9151f705bad4', '0x381db320dc534209ff93348b281e86c256ba09dd', '0xa99638e4ac81d4ce32c945c1415f89ab8d86bf2c', '0x6352a56caadc4f1e25cd6c75970fa768a3304e64', '0xf762c3fc745948ff49a3da00ccdc6b755e44305e', '0x9ed1f0cc0077b5df99c6ad98b4dccf65f6d8bd04', '0x7ef99013e446ddce2486b8e04735b7019a115e6f', '0xe52e002d3da1a5c84538d0b81e0b638be3049662', '0xeaf1ac8e89ea0ae13e0f03634a4ff23502527024', '0x777e713b6f87765c314bfa682cdc04c02cb64777', '0x93bab043d534fbfdd13b405241be9267d393b827']","['wardenswap', 'uniswap', 'curve', 'velodrome', 'zipswap', 'kyberswap', 'openocean', 'chainhop', 'sushiswap', 'balancer', 'dackieswap', 'woofi', 'openxswap', 'clipper']",4418845.334447514,40.55256665900456,40865969.08303603,0x8c6f28f2f1a3c87f0f938b96d27520d9751ec8d9,0x7f5c764cbc14f9669b88837ca1490cca17c31607,sUSD-USDC,3051044.1029521655
2398714394.046022,optimism,619710.0045571522,"['0xdcd803c0ad8778662c0a53b4daed81ab9ef06834', '0x53790b6c7023786659d11ed82ee03079f3bd6976', '0x95d9d28606ee55de7667f0f176ebfc3215cfd9c0', '0x249c5a2b55522295500848910550d0539e1d673d', '0x777e713b6f87765c314bfa682cdc04c02cb64777', '0x7ea8c22e6dcd7bd69eb180664da68e1f1f11d696', '0x815ae7bf44dda74ed9274377ed711efc8b567911', '0x03af20bdaaffb4cc0a521796a223f7d85e2aac31', '0x49994fbb41c6b7c2f3066ca7301f25305de1234a', '0xeaf1ac8e89ea0ae13e0f03634a4ff23502527024', '0xbb65192fc43cff2e2823bae211ebe367f81f2f26', '0x1328ff5ac67a48c4a0a4339ff07fedf4f2a76387', '0xeb8ff19066415e797c213faa7d16161401c754cf', '0x5130f6ce257b8f9bf7fac0a0b519bd588120ed40', '0xc2529ac7a7383450c604efe8b668d12442d67f2f', '0xb390a4e78442c1ddd5f446e2950533a4294b89d9', '0x1a172713bdf4b9c846028e43081e73ca90a399dd', '0x1111111254eeb25477b68fb85ed929f73a960582', '0x6352a56caadc4f1e25cd6c75970fa768a3304e64', '0xf762c3fc745948ff49a3da00ccdc6b755e44305e', '0xdbd4ffc32b34f630dd8ac18d37162ec8462db7db', '0xffa052ad37d6e460ff0ea99d7282b68ddb4ed4f2', '0x534f3135757db41c4f705b0eac697659f68c4014', '0x111111125421ca6dc452d289314280a0f8842a65', '0xc35bdda2e93c401c6645e0d8a0b2c86906c51710', '0x3b87eed5a8f40b81ebd8a01ac1891f04cb59fd66', '0x68d1ca32aee9a73534429d8376743bf222ff1870', '0x1c06a7ba4874b161fc7e72faa579f21837bdfe33', '0x7a512d3609211e719737e82c7bb7271ec05da70d', '0xdef1abe32c034e558cdd535791643c58a13acc10', '0xdcad52616e2689a5f14861300a5db91813a6c0e5', '0x44f297a1aa2618f79ed1195b30cfbc3c209d1b49', '0x2a67663642d083debca989b6e169c5e21c16a96a', '0x6ec9e7c546d2c06de4d5a425ae0b647f05368be0', '0x11431a89893025d2a48dca4eddc396f8c8117187']","['zipswap', 'openxswap', 'wardenswap', 'uniswap', 'woofi', 'balancer', 'opx_finance', 'clipper', '1inch LOP', 'openocean', 'chainhop', 'hashflow', 'mummy_finance', 'rubicon', '0x API', 'velodrome', 'elk_finance', 'sushiswap']",8036421.231405712,185.55173206282512,73720175.47246322,0xda10009cbd5d07dd0cecc66161fc93d7c9000da1,0x4200000000000000000000000000000000000006,DAI-WETH,1515883.1446745226
2328692921.324938,optimism,9714368.268545156,"['0x2a67663642d083debca989b6e169c5e21c16a96a', '0x111111125421ca6dc452d289314280a0f8842a65', '0xbf205335de602ac38244f112d712ab04cb59a498', '0x9ba7b142ea73c8d1560e47296f169d6c748d89ae', '0x6352a56caadc4f1e25cd6c75970fa768a3304e64', '0xda74db17023750d02b83be2559a4eaa013b65c54', '0x04f6c85a1b00f6d9b75f91fd23835974cc07e65c', '0x777e713b6f87765c314bfa682cdc04c02cb64777', '0x1c44a0d39c493d0caba89465b930c48687fde507', '0x7ca75bdea9dede97f8b13c6641b768650cb83782', '0xb381716c0565b11c258937d3ae19863fb9959fe2', '0x3707e9b80bbf90170851a6a3fe276f692ed27bb5', '0xe5f597aa7d02bfef0884f24faa28427afb32b2a1', '0x6da98bde0068d10ddd11b468b197ea97d96f96bc', '0x2b959ccb3c8fc1ed7769004742c197e28251027e', '0xc6c1e8399c1c33a3f1959f2f77349d74a373345c', '0x4a5a2a152e985078e1a4aa9c3362c412b7dd0a86', '0x7b50775383d3d6f0215a8f290f2c9e2eebbeceb2', '0x1111111254eeb25477b68fb85ed929f73a960582', '0xa3031d9fd5010496a2baf8afce27ef6f3849fb10', '0x896aca4b614c20dd5ef7450ab7586d87a95241fa', '0x611c596526eb28cab38c62758ac26a729d90012c', '0xeaf1ac8e89ea0ae13e0f03634a4ff23502527024']","['openocean', 'kyberswap', 'uniswap', 'openxswap', 'balancer', 'dackieswap', 'solidly', 'velodrome', '1inch LOP', 'sushiswap', 'woofi']",30355044.505330984,77.35436439500035,141379319.1807996,0x4200000000000000000000000000000000000006,0x1f32b1c2345538c0c6f582fcb022739c4a194ebb,WETH-wstETH,9025554.396097366
2164278994.47882,optimism,4011167.9605588624,"['0x9b0c2660b535a156adf827481b2f9b61f31ebc49', '0x50a39b94b1dc8472faa08c36a3ef5b0a01c5bd10', '0xd1778f9df3eee5473a9640f13682e3846f61febc', '0xeecd53c39d65f9fc6ac05aa7d87d709b6e9640d5', '0xeaf1ac8e89ea0ae13e0f03634a4ff23502527024', '0xa73c628eaf6e283e26a7b1f8001cf186aa4c0e8e', '0x1f80b1e3c538aa5e83bbd60e04386d4e2b4fa8fc', '0x6352a56caadc4f1e25cd6c75970fa768a3304e64', '0xed9e3f98bbed560e66b89aac922e29d4596a9642', '0x111111125421ca6dc452d289314280a0f8842a65', '0x9da11ff60bfc5af527f58fd61679c3ac98d040d9', '0x2926736c30ef3649f9e6b5c5918ea88871f79f2b', '0x6728bfc6f086801c6fdaa8a3689ff498ed071704', '0x1111111254eeb25477b68fb85ed929f73a960582', '0x7ea8c22e6dcd7bd69eb180664da68e1f1f11d696', '0x25f6c555aae1d393315d59fbf3819fe525330019', '0x4dbb2d7785654074c53c5a915126d3378446bd61']","['wombat_exchange', 'woofi', 'dackieswap', 'velodrome', 'openocean', 'balancer', 'uniswap', '1inch LOP', 'wardenswap', 'sushiswap', 'solidly']",39131757.92778033,382.87987424833744,184702502.66303843,0x0b2c639c533813f4aa9d7837caf62653d097ff85,0x94b008aa00579c1307b0ef2c499ad98a8ce58e58,USDC-USDT,1737463.7047148328
1904958003.8766892,optimism,1392962.1953544833,"['0x44b17031465c53706af85c05423d26e9cfa13a1b', '0x3b789208b1294706d96c27d2cef3e86a3508bf85', '0xa92d4ef7ba997c6f6d48f9b7910b5354cf5933b1', '0x747ec810d42262f5725c0441d6b693774e6c079a', '0x1111111254eeb25477b68fb85ed929f73a960582', '0xeb8ff19066415e797c213faa7d16161401c754cf', '0xeaf4e9cd685f346c6380678852d4de3ca4a9a693', '0xb2ac2e5a3684411254d58b1c5a542212b782114d', '0xd5a5d26476189ed7d9385ccf3c79d0020e205a4d', '0xe1224c055c057cb71e41dac936ba946f6f500ed1', '0x5130f6ce257b8f9bf7fac0a0b519bd588120ed40', '0x49994fbb41c6b7c2f3066ca7301f25305de1234a', '0x68d1ca32aee9a73534429d8376743bf222ff1870', '0xed9e3f98bbed560e66b89aac922e29d4596a9642', '0x1328ff5ac67a48c4a0a4339ff07fedf4f2a76387', '0x11431a89893025d2a48dca4eddc396f8c8117187', '0xa1fe684c5735251ced548395f820ee57a4f61a03', '0x3b87eed5a8f40b81ebd8a01ac1891f04cb59fd66', '0x777e713b6f87765c314bfa682cdc04c02cb64777', '0xf5521ca6a3295babb4b2729931cd358be35da7e3', '0x21174bc9e3c7bf968ab0c9642bd8d6b16c695e87', '0x8471db928e330858f4ab6ea94be21bcbfca3e553', '0xf74fca1611a695a81fc1f7052aa5ff2549558ab3', '0x727defdf62a32fedb4d668206556f970f947d413', '0xdd901090f304d4ea509de05251b4c5676e56af1a', '0x4d8b739114309e4dae98362c447099b671d12eca', '0x7a512d3609211e719737e82c7bb7271ec05da70d', '0xf762c3fc745948ff49a3da00ccdc6b755e44305e', '0x6352a56caadc4f1e25cd6c75970fa768a3304e64', '0xa7013b351b97bd9ba1d3da1fa19bffbc79b5c339', '0xeaf1ac8e89ea0ae13e0f03634a4ff23502527024', '0x111111125421ca6dc452d289314280a0f8842a65', '0xefa74728dbda583b16622e17937f4577e2846c0f', '0x7ea8c22e6dcd7bd69eb180664da68e1f1f11d696', '0xd1778f9df3eee5473a9640f13682e3846f61febc']","['uniswap', '1inch LOP', 'velodrome', 'clipper', 'mummy_finance', 'opx_finance', 'hashflow', 'openxswap', 'balancer', 'zipswap', 'sushiswap', 'kyberswap', 'rubicon', 'chainhop', 'openocean', 'woofi', 'wardenswap']",15788087.011357453,1407.7708748299156,38800382.39411575,0x4200000000000000000000000000000000000042,0x94b008aa00579c1307b0ef2c499ad98a8ce58e58,OP-USDT,392523.4249957562
1888652311.3123317,optimism,304670.4771749551,"['0xeb8ff19066415e797c213faa7d16161401c754cf', '0x1f2390484dfe2d8900bc91c7111d274b7b2d63a1', '0x11431a89893025d2a48dca4eddc396f8c8117187', '0xc2058aa3b3f96075cc33946bcd1963bfa660315b', '0x6352a56caadc4f1e25cd6c75970fa768a3304e64', '0x49994fbb41c6b7c2f3066ca7301f25305de1234a', '0xadb35413ec50e0afe41039eac8b930d313e94fa4', '0xe7ee03b72a89f87d161425e42548bd5492d06679', '0x1111111254eeb25477b68fb85ed929f73a960582', '0xeaf1ac8e89ea0ae13e0f03634a4ff23502527024', '0x111111125421ca6dc452d289314280a0f8842a65', '0xec24eb97cec2f0f6a2d61254990b0f163bbbfe1d', '0x7ea8c22e6dcd7bd69eb180664da68e1f1f11d696', '0x93bab043d534fbfdd13b405241be9267d393b827', '0xd9c57025b3da04e5bd078c22b69222e92ddb62f6', '0xf762c3fc745948ff49a3da00ccdc6b755e44305e', '0x9438a9d1bdeece02ed4431ac59613a128201e0b9', '0x061b87122ed14b9526a813209c8a59a633257bab']","['1inch LOP', 'openocean', 'uniswap', 'woofi', 'velodrome', 'wardenswap', 'clipper', 'balancer', 'chainhop', 'curve']",5292825.507085156,76.62678454734314,39280485.06613105,0xda10009cbd5d07dd0cecc66161fc93d7c9000da1,0x8c6f28f2f1a3c87f0f938b96d27520d9751ec8d9,DAI-sUSD,1243310.1518003882
1856134918.2818136,optimism,1301129.0833412034,"['0x68d1ca32aee9a73534429d8376743bf222ff1870', '0x49994fbb41c6b7c2f3066ca7301f25305de1234a', '0xf5521ca6a3295babb4b2729931cd358be35da7e3', '0xed9e3f98bbed560e66b89aac922e29d4596a9642', '0xe41279d3127a1d956631423e83451df994d36823', '0x7ea8c22e6dcd7bd69eb180664da68e1f1f11d696', '0x0843e0f56b9e7fdc4fb95fabba22a01ef4088f41', '0x3b87eed5a8f40b81ebd8a01ac1891f04cb59fd66', '0xd1778f9df3eee5473a9640f13682e3846f61febc', '0xf480c7d25faa406306ab72abda91c34b5b2ed8cd', '0xeaf4e9cd685f346c6380678852d4de3ca4a9a693', '0x8184f5cf4921558c201923ef6d7d5258a6efa31f', '0x5130f6ce257b8f9bf7fac0a0b519bd588120ed40', '0xdbd4ffc32b34f630dd8ac18d37162ec8462db7db', '0x11431a89893025d2a48dca4eddc396f8c8117187', '0x6352a56caadc4f1e25cd6c75970fa768a3304e64', '0x111111125421ca6dc452d289314280a0f8842a65', '0x1328ff5ac67a48c4a0a4339ff07fedf4f2a76387', '0x7a512d3609211e719737e82c7bb7271ec05da70d', '0x1111111254eeb25477b68fb85ed929f73a960582', '0xeaf1ac8e89ea0ae13e0f03634a4ff23502527024']","['mummy_finance', 'chainhop', 'balancer', 'wardenswap', 'uniswap', 'hashflow', 'kyberswap', 'clipper', 'openocean', 'opx_finance', 'rubicon', '1inch LOP', 'woofi']",14677664.45582399,1158.9671455190955,29472327.37552613,0x94b008aa00579c1307b0ef2c499ad98a8ce58e58,0x68f180fcce6836688e9084f035309e29bf0a2095,USDT-WBTC,265953.14178146847
1842310553.5309935,optimism,1826713.3480868537,"['0x5028497af0c9a54ea8c6d42a054c0341b9fc6168', '0xa7bb0d95c6ba0ed0aca70c503b34bc7108589a47', '0x1a6d1bc398fc234a218faaba63f06398e35336f9', '0x5130f6ce257b8f9bf7fac0a0b519bd588120ed40', '0xeb8ff19066415e797c213faa7d16161401c754cf', '0xf6ca5db5f1b2a0764bd7609787ba6928ecda1c17', '0x7ad4f5536d903aea6f973f36e18f5b4610a7583e', '0x6352a56caadc4f1e25cd6c75970fa768a3304e64', '0x7a512d3609211e719737e82c7bb7271ec05da70d', '0x1328ff5ac67a48c4a0a4339ff07fedf4f2a76387', '0x61d8c210aadcf9fe432f16a8a33ca92931521565', '0x6168ec836d0b1f0c37381ec7ed1891a412872121', '0xed9e3f98bbed560e66b89aac922e29d4596a9642', '0xc366ec578789d5a802ecb966f69bbf8441b7e112', '0x7ea8c22e6dcd7bd69eb180664da68e1f1f11d696', '0xeaf4e9cd685f346c6380678852d4de3ca4a9a693', '0x777e713b6f87765c314bfa682cdc04c02cb64777', '0xd1778f9df3eee5473a9640f13682e3846f61febc', '0x68d1ca32aee9a73534429d8376743bf222ff1870', '0x4c8b195d33c6f95a8262d56ede793611ee7b5aad', '0xdbd4ffc32b34f630dd8ac18d37162ec8462db7db', '0xeaf1ac8e89ea0ae13e0f03634a4ff23502527024', '0x3b87eed5a8f40b81ebd8a01ac1891f04cb59fd66', '0x9801f7934ed0ef350f4a272fb73857f3d9b83166']","['balancer', 'uniswap', 'chainhop', 'openocean', 'rubicon', 'opx_finance', 'wardenswap', 'openxswap', 'woofi', 'mummy_finance', 'velodrome', 'clipper', 'hashflow']",15980212.397413649,618.8392053847438,37392667.61625088,0x7f5c764cbc14f9669b88837ca1490cca17c31607,0x68f180fcce6836688e9084f035309e29bf0a2095,USDC-WBTC,619749.1920368604
1712933006.680935,optimism,424622.27986462583,"['0x63abea04cff561d7d0740627168aa69105d79602', '0x7e6c8cfa32a2369eee7ab602a0cea970d8ad7847', '0xb390a4e78442c1ddd5f446e2950533a4294b89d9', '0x68d1ca32aee9a73534429d8376743bf222ff1870', '0xd8afa96459787fd45165b0b912407d136b866f00', '0x5b862ed6790a9917dc524f4dfebdcb6f7d0544da', '0x40e966b08041a0f37963deeb44f3f6e456352cf5', '0xf762c3fc745948ff49a3da00ccdc6b755e44305e', '0x0392b358ce4547601befa962680bede836606ae2', '0x49994fbb41c6b7c2f3066ca7301f25305de1234a', '0xeb11b31dd80ddc80729fe5882e6b38c01ba016f8', '0xeb8ff19066415e797c213faa7d16161401c754cf', '0x6352a56caadc4f1e25cd6c75970fa768a3304e64', '0xeaf1ac8e89ea0ae13e0f03634a4ff23502527024', '0x127be3a7fa2d4995b9f15181ad5f710a7b9ec4d4', '0x777e713b6f87765c314bfa682cdc04c02cb64777', '0xffb6c35960b23989037c8c391facebc8a17de970', '0x11431a89893025d2a48dca4eddc396f8c8117187', '0x7633c0bb1de7be563ff7066918bff69133086c89', '0xb29a022ff4b37bdfb21e5f1daff4af5a22aa9510', '0x1111111254eeb25477b68fb85ed929f73a960582', '0x0c03dcc120b9374a59aaf855932229a20f7268e0', '0xda533b1701d44b9c9aa5b2eecbd9a1e3e103d15c', '0x111111125421ca6dc452d289314280a0f8842a65', '0x7974d931bf731af7f174b9b6ce176d4c862969ab', '0x1bf31a0932a0035c532a7b1dcb94ffe0b35aed14', '0xfea834a5c47b923add607cc5b96288d18ffb9c3f', '0x93bab043d534fbfdd13b405241be9267d393b827', '0x7ea8c22e6dcd7bd69eb180664da68e1f1f11d696']","['balancer', 'mummy_finance', 'sushiswap', 'chainhop', 'uniswap', 'kyberswap', 'openocean', 'woofi', 'openxswap', 'velodrome', 'dackieswap', '1inch LOP', 'solidly', 'zipswap', 'clipper', 'wardenswap']",5288505.802841446,92.74649237845787,37529170.0159025,0x8700daec35af8ff88c16bdf0418774cb3d7599b4,0x4200000000000000000000000000000000000006,SNX-WETH,1653611.5204937302
1688322510.105852,optimism,1690121.2315320564,"['0x1111111254eeb25477b68fb85ed929f73a960582', '0x35d0c66f74f98d05ad798e8184ec09061a207029', '0xbce00644e5535b68daf73d1528e8b08e6a14472c', '0x6352a56caadc4f1e25cd6c75970fa768a3304e64', '0xeaf1ac8e89ea0ae13e0f03634a4ff23502527024', '0x8827d453cb5370067f603dc6a30c864b46971dd9', '0x7ea8c22e6dcd7bd69eb180664da68e1f1f11d696', '0xed9e3f98bbed560e66b89aac922e29d4596a9642', '0xa03eff313f27d3f7a87810c8c584ae755a182788', '0x67f56ac099f11ad5f65e2ec804f75f2cea6ab8c5', '0xd1778f9df3eee5473a9640f13682e3846f61febc', '0x111111125421ca6dc452d289314280a0f8842a65', '0xb533c12fb4e7b53b5524eab9b47d93ff6c7a456f', '0x777e713b6f87765c314bfa682cdc04c02cb64777', '0x38bdc8c37f2f710c7035ca1b24be226676c79ae6', '0x52c2d8d578a74f71272ab400050fdb9d5a3b9175']","['1inch LOP', 'uniswap', 'openocean', 'wardenswap', 'velodrome', 'woofi', 'openxswap', 'kyberswap']",18308565.7488726,134.63967821466963,49115294.55647577,0x4200000000000000000000000000000000000042,0x0b2c639c533813f4aa9d7837caf62653d097ff85,OP-USDC,2175711.1712262304
1679118026.058528,optimism,1268259.4259580874,"['0xf5521ca6a3295babb4b2729931cd358be35da7e3', '0xbc80540bb282e7724be7f1e0b92b4ea51340ddbf', '0xeb8ff19066415e797c213faa7d16161401c754cf', '0x7ea8c22e6dcd7bd69eb180664da68e1f1f11d696', '0x3b87eed5a8f40b81ebd8a01ac1891f04cb59fd66', '0xed9e3f98bbed560e66b89aac922e29d4596a9642', '0xd1778f9df3eee5473a9640f13682e3846f61febc', '0xeaf4e9cd685f346c6380678852d4de3ca4a9a693', '0xb390a4e78442c1ddd5f446e2950533a4294b89d9', '0xf6ca5db5f1b2a0764bd7609787ba6928ecda1c17', '0x11431a89893025d2a48dca4eddc396f8c8117187', '0x63abea04cff561d7d0740627168aa69105d79602', '0x68d1ca32aee9a73534429d8376743bf222ff1870', '0x4a7869200248c4c3bb604e3f1d05b5ab8b6f2b4b', '0xf5d63f66a36be31a106631f276794223b8ce5280', '0x6352a56caadc4f1e25cd6c75970fa768a3304e64', '0x1328ff5ac67a48c4a0a4339ff07fedf4f2a76387', '0x5130f6ce257b8f9bf7fac0a0b519bd588120ed40', '0x1111111254eeb25477b68fb85ed929f73a960582', '0x0893e340ee2b0263ddad2f3b8bd23dba11859aea', '0xeaf1ac8e89ea0ae13e0f03634a4ff23502527024']","['chainhop', 'wardenswap', 'woofi', 'hashflow', 'balancer', 'mummy_finance', 'kyberswap', 'uniswap', 'openocean', 'opx_finance', 'clipper', '1inch LOP']",13561872.501952408,1002.3658898983762,24322741.7674572,0x4200000000000000000000000000000000000042,0x68f180fcce6836688e9084f035309e29bf0a2095,OP-WBTC,284127.10908376443
1529664487.5698423,optimism,1341606.625372911,"['0x6352a56caadc4f1e25cd6c75970fa768a3304e64', '0x2c3c237b697911f2ea9b0ff66b41b71b40cbfbc9', '0xdef705a1864bcba65e4e275bffd58de21b5d44a0', '0x394a9fcbab8599437d9ec4e5a4a0eb7cb1fd2f69', '0xed9e3f98bbed560e66b89aac922e29d4596a9642', '0x111111125421ca6dc452d289314280a0f8842a65', '0x1111111254eeb25477b68fb85ed929f73a960582', '0x2e81af33264e8709a453b9660af5c6ff70f50343', '0xeaf1ac8e89ea0ae13e0f03634a4ff23502527024', '0xd1778f9df3eee5473a9640f13682e3846f61febc', '0xadab76dd2dca7ae080a796f0ce86170e482afb4a']","['openocean', '1inch LOP', 'sushiswap', 'woofi', 'uniswap']",14243142.681343265,242.89642587674058,29931159.371640824,0x0b2c639c533813f4aa9d7837caf62653d097ff85,0x68f180fcce6836688e9084f035309e29bf0a2095,USDC-WBTC,645026.2449488714
1506639600.4836102,optimism,72794.10539908355,"['0x111111125421ca6dc452d289314280a0f8842a65', '0xeaf1ac8e89ea0ae13e0f03634a4ff23502527024', '0x1111111254eeb25477b68fb85ed929f73a960582', '0x6352a56caadc4f1e25cd6c75970fa768a3304e64', '0xd1778f9df3eee5473a9640f13682e3846f61febc']","['1inch LOP', 'openocean', 'woofi']",2248510.1856379714,5914736.097844471,12519961.720045807,0x94b008aa00579c1307b0ef2c499ad98a8ce58e58,0x871f2f2ff935fd1ed867842ff2a7bfd051a5e527,USDT-WOO,1.900769661099
1446350392.5812416,optimism,47262.731499328016,"['0xeaf1ac8e89ea0ae13e0f03634a4ff23502527024', '0x1111111254eeb25477b68fb85ed929f73a960582', '0xd1778f9df3eee5473a9640f13682e3846f61febc', '0x111111125421ca6dc452d289314280a0f8842a65']","['1inch LOP', 'woofi']",1808293.4602236846,3745015.600009668,8509370.488289079,0x4200000000000000000000000000000000000006,0x871f2f2ff935fd1ed867842ff2a7bfd051a5e527,WETH-WOO,1.9314135409412085
1413713901.475702,optimism,25531.373899755527,"['0x6352a56caadc4f1e25cd6c75970fa768a3304e64', '0xeaf1ac8e89ea0ae13e0f03634a4ff23502527024', '0xd1778f9df3eee5473a9640f13682e3846f61febc']","['openocean', 'woofi']",440216.7254142858,280512.5284229679,4010591.231756733,0x7f5c764cbc14f9669b88837ca1490cca17c31607,0x871f2f2ff935fd1ed867842ff2a7bfd051a5e527,USDC-WOO,4.707989991276
1353424693.57333,optimism,0.0,"['0xeaf1ac8e89ea0ae13e0f03634a4ff23502527024', '0xd1778f9df3eee5473a9640f13682e3846f61febc']",['woofi'],0.0,0.0,0.0,0x4200000000000000000000000000000000000042,0x871f2f2ff935fd1ed867842ff2a7bfd051a5e527,OP-WOO,0.036466858211450924
1353424693.5733259,optimism,0.0,"['0xd1778f9df3eee5473a9640f13682e3846f61febc', '0xeaf1ac8e89ea0ae13e0f03634a4ff23502527024']",['woofi'],0.0,0.0,0.0,0x68f180fcce6836688e9084f035309e29bf0a2095,0x871f2f2ff935fd1ed867842ff2a7bfd051a5e527,WBTC-WOO,0.0
1353424693.5733247,optimism,0.0,"['0xeaf1ac8e89ea0ae13e0f03634a4ff23502527024', '0xd1778f9df3eee5473a9640f13682e3846f61febc']",['woofi'],0.0,0.0,0.0,0x0b2c639c533813f4aa9d7837caf62653d097ff85,0x871f2f2ff935fd1ed867842ff2a7bfd051a5e527,USDC-WOO,0.0
1327119447.534437,optimism,202076.73991342826,"['0x7ea8c22e6dcd7bd69eb180664da68e1f1f11d696', '0x6352a56caadc4f1e25cd6c75970fa768a3304e64', '0x93bab043d534fbfdd13b405241be9267d393b827', '0xf5521ca6a3295babb4b2729931cd358be35da7e3', '0x061b87122ed14b9526a813209c8a59a633257bab', '0xeaf1ac8e89ea0ae13e0f03634a4ff23502527024', '0x6ecb7d18abda6ae794035490a4decc329d0f23bb', '0x4cb325b8a3f04a2fdbb839a8e11c892436a5e41e', '0x49994fbb41c6b7c2f3066ca7301f25305de1234a', '0xc8f51393fe595f3f3a3caad164d781b7f4a596dd', '0xf762c3fc745948ff49a3da00ccdc6b755e44305e', '0x24c9a650faa2bb28702c5eb5f35360ccf434d387', '0x6a06e2a5cb13fcd54b28f3f90144e64952a3a0b4', '0x91cca461ee9435848ac0da8fc416ad0816272786', '0x662b2bcc89cbb704f92c7eada4c2f1abe2b71b64', '0x533b22a3015e60944799c2c46d6c08e7535686ab', '0xf046d8b7365d8abe5a8f8301c669b4b5284fc21d', '0x22fc5dc36811d15fafde7cc7900ae73a538e59e0']","['wardenswap', 'openocean', 'clipper', 'curve', 'woofi', 'velodrome', 'chainhop', 'zipswap', 'balancer', 'uniswap']",2555933.3392315162,47.34697809498355,19486313.602447208,0x8c6f28f2f1a3c87f0f938b96d27520d9751ec8d9,0x94b008aa00579c1307b0ef2c499ad98a8ce58e58,sUSD-USDT,971694.5401219121
1322198049.1941853,optimism,41019.003444686925,"['0xf09d81e60b49262a7b09aadc740648799d0b46b9', '0x93bab043d534fbfdd13b405241be9267d393b827', '0x6352a56caadc4f1e25cd6c75970fa768a3304e64', '0x9bd852d5e1d1154ff951937f2a7d0de9e44246a7', '0x7ea8c22e6dcd7bd69eb180664da68e1f1f11d696', '0x7a512d3609211e719737e82c7bb7271ec05da70d', '0xf6db1d3ad0a06ec2e48bddb3e67ead8373d4b3ad', '0xa1658249bcc69b0ab491cdc0449c0b0ea796de8d', '0x777e713b6f87765c314bfa682cdc04c02cb64777', '0xeaf1ac8e89ea0ae13e0f03634a4ff23502527024', '0x991266de2a0283ae3730ff6fda77050fbba86577', '0xe8537b6ff1039cb9ed0b71713f697ddbadbb717d', '0x335bd4ffa921160fc86ce3843f80a9941e7456c6', '0x652a810c603faef61ff5d873e52ad7f1d70d6014']","['kyberswap', 'clipper', 'openocean', 'uniswap', 'wardenswap', 'rubicon', 'openxswap', 'woofi', 'velodrome']",527828.5322768298,67.18456015793977,4500834.733097204,0x7f5c764cbc14f9669b88837ca1490cca17c31607,0x3c8b650257cfb5f272f799f5e2b4e65093a11a05,USDC-VELO,109989.54870737997
1275301461.1230094,optimism,84759.12343615908,"['0x71d53b5b7141e1ec9a3fc9cc48b4766102d14a4a', '0x9056eb7ca982a5dd65a584189994e6a27318067d', '0xaee0a6d42d10491d36e6a1b922741933609ac1be', '0xeaf1ac8e89ea0ae13e0f03634a4ff23502527024', '0xeb8ff19066415e797c213faa7d16161401c754cf', '0x5abeb63a103aebd25c1eb1d8bc2b96a571853f51', '0x777e713b6f87765c314bfa682cdc04c02cb64777', '0x6352a56caadc4f1e25cd6c75970fa768a3304e64', '0x9aaa481a863e95168c01f23640b357b014dff09a', '0x93bab043d534fbfdd13b405241be9267d393b827', '0x5e4e22aae5682c48b94c78602d1803120ab567ea', '0x320616dbe138aa2f3db7a5a46ba79a13032cc5f2', '0x49994fbb41c6b7c2f3066ca7301f25305de1234a', '0x7ef99013e446ddce2486b8e04735b7019a115e6f', '0x7ea8c22e6dcd7bd69eb180664da68e1f1f11d696', '0x41f0ec06d0106f79cb01abf7be1d086721ff91dd', '0xf762c3fc745948ff49a3da00ccdc6b755e44305e', '0x7a512d3609211e719737e82c7bb7271ec05da70d', '0xf5be4988095efbea48c17ceb397c8e5e89bcbb66', '0x68d1ca32aee9a73534429d8376743bf222ff1870']","['velodrome', 'woofi', 'openxswap', 'openocean', 'uniswap', 'clipper', 'kyberswap', 'balancer', 'wardenswap', 'chainhop', 'rubicon', 'zipswap', 'mummy_finance']",1334667.376637909,30.81783344153479,10446462.334851654,0x8700daec35af8ff88c16bdf0418774cb3d7599b4,0x7f5c764cbc14f9669b88837ca1490cca17c31607,SNX-USDC,866165.6110056776
1154333759.0413458,optimism,59951.926021059575,"['0x11431a89893025d2a48dca4eddc396f8c8117187', '0x61eba8151880ea81743795faf3e4042b38e8638c', '0xb325226b3a95ccb5bd98f84857fb58a91d9eae44', '0x8700daec35af8ff88c16bdf0418774cb3d7599b4', '0x6352a56caadc4f1e25cd6c75970fa768a3304e64', '0x93bab043d534fbfdd13b405241be9267d393b827', '0x7ea8c22e6dcd7bd69eb180664da68e1f1f11d696']","['1inch LOP', 'velodrome', 'zipswap', 'synthetix', 'openocean', 'clipper', 'wardenswap']",774430.3111964869,209.83380727884298,10443744.478937518,0xe405de8f52ba7559f9df3c368500b6e6ae6cee49,0x8c6f28f2f1a3c87f0f938b96d27520d9751ec8d9,sETH-sUSD,25834.789201396696
1133814361.4929063,optimism,59951.918680278715,"['0x6352a56caadc4f1e25cd6c75970fa768a3304e64', '0x93bab043d534fbfdd13b405241be9267d393b827', '0xb93c74834a6f186ac38df508a33e7783b81e2c86', '0x7ea8c22e6dcd7bd69eb180664da68e1f1f11d696', '0x8700daec35af8ff88c16bdf0418774cb3d7599b4']","['openocean', 'clipper', 'velodrome', 'wardenswap', 'synthetix']",774426.6694699847,174.37805816115707,10443740.673067573,0x298b9b95708152ff6968aafd889c6586e9169f1d,0x8c6f28f2f1a3c87f0f938b96d27520d9751ec8d9,sBTC-sUSD,22205.393202459953
1130742769.854296,optimism,59782.23432719457,"['0x8700daec35af8ff88c16bdf0418774cb3d7599b4', '0x7ea8c22e6dcd7bd69eb180664da68e1f1f11d696', '0x6352a56caadc4f1e25cd6c75970fa768a3304e64']","['synthetix', 'wardenswap', 'openocean']",773470.5274823429,64724.6822351811,10438206.083902597,0x81ddfac111913d3d5218dea999216323b7cd6356,0x8c6f28f2f1a3c87f0f938b96d27520d9751ec8d9,sMATIC-sUSD,35.85049014247256
1124007105.3007653,optimism,57885.53411765516,"['0x6352a56caadc4f1e25cd6c75970fa768a3304e64', '0x8700daec35af8ff88c16bdf0418774cb3d7599b4']","['openocean', 'synthetix']",755155.1453404401,42128.02348527992,10396353.691058721,0xfbc4198702e81ae77c06d58f81b629bdf36f0a71,0x8c6f28f2f1a3c87f0f938b96d27520d9751ec8d9,sEUR-sUSD,35.85049014247256
1124007105.3007643,optimism,57885.53411765516,"['0x6352a56caadc4f1e25cd6c75970fa768a3304e64', '0x8700daec35af8ff88c16bdf0418774cb3d7599b4']","['openocean', 'synthetix']",755155.1453404401,0.0,10396353.691058721,0xfbc4198702e81ae77c06d58f81b629bdf36f0a71,0xc5db22719a06418028a40a9b5e9a7c02959d0d08,sEUR-sLINK,0.0
